"ENTREZID","SYMBOL"
"3101","HK3"
"3098","HK1"
"3099","HK2"
"80201","HKDC1"
"2645","GCK"
"2821","GPI"
"5213","PFKM"
"5214","PFKP"
"5211","PFKL"
"2203","FBP1"
"8789","FBP2"
"230","ALDOC"
"226","ALDOA"
"229","ALDOB"
"7167","TPI1"
"2597","GAPDH"
"26330","GAPDHS"
"5232","PGK2"
"5230","PGK1"
"5223","PGAM1"
"5224","PGAM2"
"441531","PGAM4"
"2027","ENO3"
"2026","ENO2"
"2023","ENO1"
"387712","ENO4"
"5315","PKM"
"5313","PKLR"
"5161","PDHA2"
"5160","PDHA1"
"5162","PDHB"
"1737","DLAT"
"1738","DLD"
"160287","LDHAL6A"
"92483","LDHAL6B"
"3939","LDHA"
"3945","LDHB"
"3948","LDHC"
"124","ADH1A"
"125","ADH1B"
"126","ADH1C"
"131","ADH7"
"127","ADH4"
"128","ADH5"
"130","ADH6"
"10327","AKR1A1"
"217","ALDH2"
"224","ALDH3A2"
"219","ALDH1B1"
"501","ALDH7A1"
"223","ALDH9A1"
"221","ALDH3B1"
"222","ALDH3B2"
"218","ALDH3A1"
"84532","ACSS1"
"55902","ACSS2"
"130589","GALM"
"5236","PGM1"
"55276","PGM2"
"2538","G6PC1"
"57818","G6PC2"
"92579","G6PC3"
"83440","ADPGK"
"669","BPGM"
"9562","MINPP1"
"5105","PCK1"
"5106","PCK2"
"1431","CS"
"47","ACLY"
"50","ACO2"
"48","ACO1"
"3417","IDH1"
"3418","IDH2"
"3420","IDH3B"
"3421","IDH3G"
"3419","IDH3A"
"55753","OGDHL"
"4967","OGDH"
"1743","DLST"
"8802","SUCLG1"
"8801","SUCLG2"
"8803","SUCLA2"
"6389","SDHA"
"6390","SDHB"
"6391","SDHC"
"6392","SDHD"
"2271","FH"
"4190","MDH1"
"4191","MDH2"
"5091","PC"
"2539","G6PD"
"25796","PGLS"
"9563","H6PD"
"5226","PGD"
"6120","RPE"
"729020","RPEL1"
"7086","TKT"
"84076","TKTL2"
"8277","TKTL1"
"6888","TALDO1"
"22934","RPIA"
"23729","SHPK"
"51071","DERA"
"64080","RBKS"
"221823","PRPS1L1"
"5634","PRPS2"
"5631","PRPS1"
"9104","RGN"
"414328","IDNK"
"132158","GLYCTK"
"2990","GUSB"
"9365","KL"
"10941","UGT2A1"
"79799","UGT2A3"
"7367","UGT2B17"
"10720","UGT2B11"
"54490","UGT2B28"
"54578","UGT1A6"
"54657","UGT1A4"
"54658","UGT1A1"
"54659","UGT1A3"
"7365","UGT2B10"
"54600","UGT1A9"
"7364","UGT2B7"
"54575","UGT1A10"
"54576","UGT1A8"
"54579","UGT1A5"
"7366","UGT2B15"
"54577","UGT1A7"
"7363","UGT2B4"
"574537","UGT2A2"
"7358","UGDH"
"7360","UGP2"
"51084","CRYL1"
"9942","XYLB"
"231","AKR1B1"
"57016","AKR1B10"
"441282","AKR1B15"
"51181","DCXR"
"6652","SORD"
"27294","DHDH"
"55277","FGGY"
"729920","CRPPA"
"4351","MPI"
"5373","PMM2"
"5372","PMM1"
"29925","GMPPB"
"29926","GMPPA"
"2762","GMDS"
"7264","GFUS"
"8790","FPGT"
"197258","FCSK"
"55556","ENOSF1"
"5207","PFKFB1"
"5208","PFKFB2"
"5209","PFKFB3"
"5210","PFKFB4"
"57103","TIGAR"
"3795","KHK"
"26007","TKFC"
"2584","GALK1"
"2592","GALT"
"2582","GALE"
"2720","GLB1"
"3938","LCT"
"3906","LALBA"
"2683","B4GALT1"
"8704","B4GALT2"
"2717","GLA"
"8972","MGAM"
"93432","MGAM2"
"2548","GAA"
"2595","GANC"
"6476","SI"
"55586","MIOX"
"31","ACACA"
"32","ACACB"
"197322","ACSF3"
"27349","MCAT"
"2194","FASN"
"54995","OXSM"
"84869","CBR4"
"7923","HSD17B8"
"109703458","HTD2"
"51102","MECR"
"55301","OLAH"
"23305","ACSL6"
"2182","ACSL4"
"2180","ACSL1"
"51703","ACSL5"
"2181","ACSL3"
"23205","ACSBG1"
"81616","ACSBG2"
"10449","ACAA2"
"3032","HADHB"
"3033","HADH"
"3030","HADHA"
"1892","ECHS1"
"5538","PPT1"
"9374","PPT2"
"64834","ELOVL1"
"54898","ELOVL2"
"83401","ELOVL3"
"6785","ELOVL4"
"60481","ELOVL5"
"79071","ELOVL6"
"79993","ELOVL7"
"51144","HSD17B12"
"201562","HACD2"
"9200","HACD1"
"401494","HACD4"
"51495","HACD3"
"9524","TECR"
"122970","ACOT4"
"10965","ACOT2"
"641371","ACOT1"
"11332","ACOT7"
"117145","THEM4"
"284486","THEM5"
"39","ACAT2"
"38","ACAT1"
"30","ACAA1"
"1962","EHHADH"
"8310","ACOX3"
"51","ACOX1"
"35","ACADS"
"34","ACADM"
"33","ACADL"
"36","ACADSB"
"37","ACADVL"
"2639","GCDH"
"1374","CPT1A"
"1375","CPT1B"
"126129","CPT1C"
"1376","CPT2"
"1632","ECI1"
"10455","ECI2"
"113612","CYP2U1"
"2222","FDFT1"
"6713","SQLE"
"4047","LSS"
"1595","CYP51A1"
"7108","TM7SF2"
"3930","LBR"
"6307","MSMO1"
"50814","NSDHL"
"51478","HSD17B7"
"10682","EBP"
"1718","DHCR24"
"6309","SC5D"
"1717","DHCR7"
"3988","LIPA"
"1056","CEL"
"8435","SOAT2"
"6646","SOAT1"
"120227","CYP2R1"
"1594","CYP27B1"
"1591","CYP24A1"
"10005","ACOT8"
"10858","CYP46A1"
"10998","SLC27A5"
"1109","AKR1C4"
"1581","CYP7A1"
"1582","CYP8B1"
"1593","CYP27A1"
"23600","AMACR"
"3295","HSD17B4"
"51302","CYP39A1"
"570","BAAT"
"6342","SCP2"
"6718","AKR1D1"
"80270","HSD3B7"
"8309","ACOX2"
"9023","CH25H"
"9420","CYP7B1"
"6898","TAT"
"27235","COQ2"
"51004","COQ6"
"51805","COQ3"
"51117","COQ4"
"84274","COQ5"
"10229","COQ7"
"1728","NQO1"
"2677","GGCX"
"79001","VKORC1"
"154807","VKORC1L1"
"3242","HPD"
"100861540","CYP3A7-CYP3A51P"
"1312","COMT"
"1543","CYP1A1"
"1544","CYP1A2"
"1545","CYP1B1"
"1551","CYP3A7"
"1571","CYP2E1"
"1576","CYP3A4"
"1577","CYP3A5"
"1583","CYP11A1"
"1584","CYP11B1"
"1585","CYP11B2"
"1586","CYP17A1"
"1588","CYP19A1"
"1589","CYP21A2"
"1645","AKR1C1"
"1646","AKR1C2"
"220074","LRTOMT"
"3283","HSD3B1"
"3284","HSD3B2"
"3290","HSD11B1"
"3291","HSD11B2"
"3292","HSD17B1"
"3293","HSD17B3"
"3294","HSD17B2"
"340811","AKR1C8"
"374875","HSD11B1L"
"412","STS"
"51170","HSD17B11"
"6715","SRD5A1"
"6716","SRD5A2"
"6783","SULT1E1"
"6820","SULT2B1"
"79154","DHRS11"
"79644","SRD5A3"
"8630","HSD17B6"
"8644","AKR1C3"
"4535","ND1"
"4536","ND2"
"4537","ND3"
"4538","ND4"
"4539","ND4L"
"4540","ND5"
"4541","ND6"
"4719","NDUFS1"
"4720","NDUFS2"
"4722","NDUFS3"
"4724","NDUFS4"
"4725","NDUFS5"
"4726","NDUFS6"
"374291","NDUFS7"
"4728","NDUFS8"
"4723","NDUFV1"
"4729","NDUFV2"
"4731","NDUFV3"
"4694","NDUFA1"
"4695","NDUFA2"
"4696","NDUFA3"
"4697","NDUFA4"
"56901","NDUFA4L2"
"107984365","LOC107984365"
"4698","NDUFA5"
"4700","NDUFA6"
"4701","NDUFA7"
"4702","NDUFA8"
"4704","NDUFA9"
"4705","NDUFA10"
"4706","NDUFAB1"
"126328","NDUFA11"
"55967","NDUFA12"
"51079","NDUFA13"
"4707","NDUFB1"
"4708","NDUFB2"
"4709","NDUFB3"
"4710","NDUFB4"
"4711","NDUFB5"
"4712","NDUFB6"
"4713","NDUFB7"
"4714","NDUFB8"
"4715","NDUFB9"
"4716","NDUFB10"
"54539","NDUFB11"
"4717","NDUFC1"
"4718","NDUFC2"
"100532726","NDUFC2-KCTD14"
"7386","UQCRFS1"
"4519","CYTB"
"1537","CYC1"
"7384","UQCRC1"
"7385","UQCRC2"
"7388","UQCRH"
"440567","UQCRHL"
"7381","UQCRB"
"27089","UQCRQ"
"29796","UQCR10"
"10975","UQCR11"
"1352","COX10"
"4514","COX3"
"4512","COX1"
"4513","COX2"
"84701","COX4I2"
"1327","COX4I1"
"9377","COX5A"
"1329","COX5B"
"1337","COX6A1"
"1339","COX6A2"
"1340","COX6B1"
"125965","COX6B2"
"1345","COX6C"
"1346","COX7A1"
"1347","COX7A2"
"9167","COX7A2L"
"1349","COX7B"
"170712","COX7B2"
"1350","COX7C"
"341947","COX8C"
"1351","COX8A"
"1353","COX11"
"1355","COX15"
"10063","COX17"
"54205","CYCS"
"498","ATP5F1A"
"506","ATP5F1B"
"509","ATP5F1C"
"513","ATP5F1D"
"514","ATP5F1E"
"539","ATP5PO"
"4508","ATP6"
"515","ATP5PB"
"516","ATP5MC1"
"517","ATP5MC2"
"518","ATP5MC3"
"10476","ATP5PD"
"521","ATP5ME"
"9551","ATP5MF"
"124901481","LOC124901481"
"10632","ATP5MG"
"267020","ATP5MGL"
"522","ATP5PF"
"4509","ATP8"
"523","ATP6V1A"
"525","ATP6V1B1"
"526","ATP6V1B2"
"245973","ATP6V1C2"
"528","ATP6V1C1"
"51382","ATP6V1D"
"90423","ATP6V1E2"
"529","ATP6V1E1"
"9296","ATP6V1F"
"101927180","LOC101927180"
"9550","ATP6V1G1"
"127124","ATP6V1G3"
"534","ATP6V1G2"
"51606","ATP6V1H"
"10312","TCIRG1"
"23545","ATP6V0A2"
"50617","ATP6V0A4"
"535","ATP6V0A1"
"527","ATP6V0C"
"533","ATP6V0B"
"9114","ATP6V0D1"
"245972","ATP6V0D2"
"8992","ATP6V0E1"
"155066","ATP6V0E2"
"537","ATP6AP1"
"495","ATP4A"
"496","ATP4B"
"479","ATP12A"
"27068","PPA2"
"5464","PPA1"
"64077","LHPP"
"5009","OTC"
"445","ASS1"
"435","ASL"
"384","ARG2"
"383","ARG1"
"4842","NOS1"
"4843","NOS2"
"4846","NOS3"
"27165","GLS2"
"2744","GLS"
"2752","GLUL"
"790","CAD"
"1373","CPS1"
"2747","GLUD2"
"2746","GLUD1"
"2805","GOT1"
"137362","GOT1L1"
"2806","GOT2"
"84706","GPT2"
"2875","GPT"
"162417","NAGS"
"95","ACY1"
"100526760","ABHD14A-ACY1"
"53343","NUDT9"
"56985","ADPRM"
"11164","NUDT5"
"5471","PPAT"
"2618","GART"
"5198","PFAS"
"10606","PAICS"
"158","ADSL"
"471","ATIC"
"353","APRT"
"22978","NT5C2"
"84618","NT5C1A"
"93034","NT5C1B"
"30833","NT5C"
"56953","NT5M"
"100526794","NT5C1B-RDH14"
"284958","NT5DC4"
"4907","NT5E"
"4860","PNP"
"144811","LACC1"
"3251","HPRT1"
"3614","IMPDH1"
"3615","IMPDH2"
"10201","NME6"
"29922","NME7"
"4831","NME2"
"4833","NME4"
"4830","NME1"
"4832","NME3"
"654364","NME1-NME2"
"221264","AK9"
"956","ENTPD3"
"377841","ENTPD8"
"953","ENTPD1"
"124583","CANT1"
"9583","ENTPD4"
"957","ENTPD5"
"955","ENTPD6"
"131870","NUDT16"
"3704","ITPA"
"7498","XDH"
"318","NUDT2"
"8833","GMPS"
"2766","GMPR"
"51292","GMPR2"
"9615","GDA"
"2987","GUK1"
"6240","RRM1"
"50484","RRM2B"
"6241","RRM2"
"51020","HDDC2"
"1716","DGUOK"
"1633","DCK"
"374659","HDDC3"
"58497","PRUNE1"
"107","ADCY1"
"108","ADCY2"
"109","ADCY3"
"196883","ADCY4"
"111","ADCY5"
"112","ADCY6"
"113","ADCY7"
"114","ADCY8"
"115","ADCY9"
"55811","ADCY10"
"2977","GUCY1A2"
"2982","GUCY1A1"
"2983","GUCY1B1"
"2984","GUCY2C"
"3000","GUCY2D"
"2986","GUCY2F"
"4881","NPR1"
"4882","NPR2"
"5136","PDE1A"
"5153","PDE1B"
"5137","PDE1C"
"5138","PDE2A"
"5139","PDE3A"
"5140","PDE3B"
"8654","PDE5A"
"5145","PDE6A"
"5158","PDE6B"
"5146","PDE6C"
"5147","PDE6D"
"5148","PDE6G"
"5149","PDE6H"
"5152","PDE9A"
"10846","PDE10A"
"50940","PDE11A"
"122622","ADSS1"
"159","ADSS2"
"271","AMPD2"
"272","AMPD3"
"270","AMPD1"
"132","ADK"
"100","ADA"
"51816","ADA2"
"122481","AK7"
"205","AK4"
"26289","AK5"
"204","AK2"
"203","AK1"
"158067","AK8"
"102157402","AK6"
"50808","AK3"
"954","ENTPD2"
"84284","NTPCR"
"5167","ENPP1"
"5169","ENPP3"
"5141","PDE4A"
"5142","PDE4B"
"5143","PDE4C"
"5144","PDE4D"
"5150","PDE7A"
"27115","PDE7B"
"8622","PDE8B"
"5151","PDE8A"
"2272","FHIT"
"22875","ENPP4"
"9060","PAPSS2"
"9061","PAPSS1"
"646625","URAD"
"55821","ALLC"
"10","NAT2"
"9","NAT1"
"1548","CYP2A6"
"1549","CYP2A7"
"1723","DHODH"
"7372","UMPS"
"51727","CMPK1"
"129607","CMPK2"
"8623","ASMTL"
"1503","CTPS1"
"56474","CTPS2"
"83549","UCK1"
"7371","UCK2"
"54963","UCKL1"
"151531","UPP2"
"7378","UPP1"
"51251","NT5C3A"
"115024","NT5C3B"
"978","CDA"
"79077","DCTPP1"
"1635","DCTD"
"1841","DTYMK"
"1854","DUT"
"1890","TYMP"
"7084","TK2"
"7083","TK1"
"7298","TYMS"
"1806","DPYD"
"1807","DPYS"
"51733","UPB1"
"259307","IL4I1"
"8528","DDO"
"80150","ASRGL1"
"440","ASNS"
"56954","NIT2"
"189","AGXT"
"64902","AGXT2"
"339983","NAT8L"
"57494","RIMKLB"
"284716","RIMKLA"
"2346","FOLH1"
"443","ASPA"
"2571","GAD1"
"2572","GAD2"
"18","ABAT"
"7915","ALDH5A1"
"8659","ALDH4A1"
"9945","GFPT2"
"2673","GFPT1"
"6472","SHMT2"
"6470","SHMT1"
"9380","GRHPR"
"26227","PHGDH"
"29968","PSAT1"
"5723","PSPH"
"23464","GCAT"
"211","ALAS1"
"212","ALAS2"
"4129","MAOB"
"4128","MAOA"
"8639","AOC3"
"314","AOC2"
"2731","GLDC"
"275","AMT"
"2653","GCSH"
"124908081","LOC124908081"
"1610","DAO"
"2628","GATM"
"2593","GAMT"
"55349","CHDH"
"635","BHMT"
"29958","DMGDH"
"51268","PIPOX"
"1757","SARDH"
"27232","GNMT"
"875","CBS"
"102724560","LOC102724560"
"1491","CTH"
"10993","SDS"
"113675","SDSL"
"63826","SRR"
"56267","KYAT3"
"883","KYAT1"
"23743","BHMT2"
"4548","MTR"
"27430","MAT2B"
"4143","MAT1A"
"4144","MAT2A"
"262","AMD1"
"6723","SRM"
"6611","SMS"
"4507","MTAP"
"84245","MRI1"
"51074","APIP"
"58478","ENOPH1"
"55256","ADI1"
"1786","DNMT1"
"1788","DNMT3A"
"1789","DNMT3B"
"23382","AHCYL2"
"10768","AHCYL1"
"191","AHCY"
"587","BCAT2"
"586","BCAT1"
"2729","GCLC"
"2730","GCLM"
"2937","GSS"
"1036","CDO1"
"4357","MPST"
"7263","TST"
"593","BCKDHA"
"594","BCKDHB"
"1629","DBT"
"3712","IVD"
"27034","ACAD8"
"3028","HSD17B10"
"5095","PCCA"
"5096","PCCB"
"84693","MCEE"
"4594","MMUT"
"26275","HIBCH"
"11112","HIBADH"
"4329","ALDH6A1"
"316","AOX1"
"56922","MCCC1"
"64087","MCCC2"
"549","AUH"
"3155","HMGCL"
"54511","HMGCLL1"
"5019","OXCT1"
"64064","OXCT2"
"65985","AACS"
"3157","HMGCS1"
"3158","HMGCS2"
"10157","AASS"
"51166","AADAT"
"55526","DHTKD1"
"123688","HYKK"
"85007","PHYKPL"
"79823","CAMKMT"
"4297","KMT2A"
"8085","KMT2D"
"58508","KMT2C"
"9757","KMT2B"
"55904","KMT2E"
"23067","SETD1B"
"9739","SETD1A"
"80854","SETD7"
"56979","PRDM9"
"11105","PRDM7"
"55870","ASH1L"
"56950","SMYD2"
"64754","SMYD3"
"150572","SMYD1"
"6839","SUV39H1"
"79723","SUV39H2"
"10919","EHMT2"
"79813","EHMT1"
"9869","SETDB1"
"83852","SETDB2"
"7799","PRDM2"
"2145","EZH1"
"2146","EZH2"
"6419","SETMAR"
"64324","NSD1"
"7468","NSD2"
"54904","NSD3"
"29072","SETD2"
"84444","DOT1L"
"387893","KMT5A"
"93166","PRDM6"
"84787","KMT5C"
"51111","KMT5B"
"2122","MECOM"
"63976","PRDM16"
"55217","TMLHE"
"8424","BBOX1"
"5351","PLOD1"
"5352","PLOD2"
"8985","PLOD3"
"79709","COLGALT1"
"23127","COLGALT2"
"548596","CKMT1A"
"1160","CKMT2"
"1152","CKB"
"1159","CKMT1B"
"1158","CKM"
"113451","AZIN2"
"4953","ODC1"
"26","AOC1"
"54498","SMOX"
"84735","CNDP1"
"55748","CNDP2"
"57571","CARNS1"
"112483","SAT2"
"6303","SAT1"
"79814","AGMAT"
"4942","OAT"
"65263","PYCR3"
"29920","PYCR2"
"5831","PYCR1"
"5625","PRODH"
"5832","ALDH18A1"
"51056","LAP3"
"8974","P4HA2"
"283208","P4HA3"
"5033","P4HA1"
"58510","PRODH2"
"112817","HOGA1"
"112849","L3HYPDH"
"3034","HAL"
"131669","UROC1"
"144193","AMDHD1"
"10841","FTCD"
"3067","HDC"
"3176","HNMT"
"138199","CARNMT1"
"3081","HGD"
"2954","GSTZ1"
"2184","FAH"
"7299","TYR"
"7054","TH"
"1638","DCT"
"7306","TYRP1"
"1644","DDC"
"1621","DBH"
"5409","PNMT"
"7173","TPO"
"81889","FAHD1"
"4282","MIF"
"5053","PAH"
"6999","TDO2"
"3620","IDO1"
"169355","IDO2"
"125061","AFMID"
"8564","KMO"
"8942","KYNU"
"23498","HAAO"
"130013","ACMSD"
"64577","ALDH8A1"
"121278","TPH2"
"7166","TPH1"
"438","ASMT"
"15","AANAT"
"11185","INMT"
"847","CAT"
"339896","GADL1"
"51380","CSAD"
"23417","MLYCD"
"84890","ADO"
"2326","FMO1"
"2327","FMO2"
"2330","FMO5"
"2328","FMO3"
"2329","FMO4"
"2686","GGT7"
"124975","GGT6"
"2678","GGT1"
"2687","GGT5"
"102724197","LOC102724197"
"5833","PCYT2"
"85465","SELENOI"
"10390","CEPT1"
"9468","PCYT1B"
"5130","PCYT1A"
"56994","CHPT1"
"51540","SCLY"
"7296","TXNRD1"
"114112","TXNRD3"
"10587","TXNRD2"
"22928","SEPHS2"
"22929","SEPHS1"
"118672","PSTK"
"51091","SEPSECS"
"4141","MARS1"
"92935","MARS2"
"80017","DGLUCY"
"79017","GGCT"
"79094","CHAC1"
"494143","CHAC2"
"26873","OPLAH"
"290","ANPEP"
"221357","GSTA5"
"2939","GSTA2"
"2941","GSTA4"
"119391","GSTO2"
"2948","GSTM4"
"2953","GSTT2"
"2952","GSTT1"
"2947","GSTM3"
"4257","MGST1"
"4259","MGST3"
"2944","GSTM1"
"2949","GSTM5"
"4258","MGST2"
"2938","GSTA1"
"2946","GSTM2"
"2940","GSTA3"
"9446","GSTO1"
"653689","GSTT2B"
"25774","GSTT4"
"2950","GSTP1"
"373156","GSTK1"
"27306","HPGDS"
"10314","LANCL1"
"9027","NAT8"
"2936","GSR"
"51060","TXNDC12"
"2879","GPX4"
"257202","GPX6"
"2882","GPX7"
"2877","GPX2"
"2878","GPX3"
"2876","GPX1"
"2880","GPX5"
"493869","GPX8"
"9588","PRDX6"
"57733","GBA3"
"2998","GYS2"
"2997","GYS1"
"2992","GYG1"
"8908","GYG2"
"2632","GBE1"
"5836","PYGL"
"5837","PYGM"
"5834","PYGB"
"178","AGL"
"278","AMY1C"
"279","AMY2A"
"276","AMY1A"
"280","AMY2B"
"277","AMY1B"
"124905666","LOC124905666"
"124905668","LOC124905668"
"128966568","LOC128966568"
"128966570","LOC128966570"
"11181","TREH"
"283209","PGM2L1"
"207063","DHRSX"
"22845","DOLK"
"1798","DPAGT1"
"29880","ALG5"
"79868","ALG13"
"199857","ALG14"
"8813","DPM1"
"8818","DPM2"
"54344","DPM3"
"56052","ALG1"
"85365","ALG2"
"440138","ALG11"
"10195","ALG3"
"79796","ALG9"
"79087","ALG12"
"29929","ALG6"
"79053","ALG8"
"84920","ALG10"
"144245","ALG10B"
"3703","STT3A"
"201595","STT3B"
"6184","RPN1"
"6185","RPN2"
"1603","DAD1"
"1650","DDOST"
"84061","MAGT1"
"7991","TUSC3"
"58505","OSTC"
"746","TMEM258"
"57171","DOLPP1"
"7841","MOGS"
"23193","GANAB"
"11253","MAN1B1"
"10905","MAN1A2"
"57134","MAN1C1"
"4121","MAN1A1"
"4245","MGAT1"
"4124","MAN2A1"
"4122","MAN2A2"
"4247","MGAT2"
"2530","FUT8"
"8703","B4GALT3"
"6480","ST6GAL1"
"84620","ST6GAL2"
"4248","MGAT3"
"11320","MGAT4A"
"11282","MGAT4B"
"152586","MGAT4D"
"4249","MGAT5"
"146664","MGAT5B"
"25834","MGAT4C"
"4758","NEU1"
"10825","NEU3"
"129807","NEU4"
"4759","NEU2"
"3073","HEXA"
"3074","HEXB"
"284004","HEXD"
"4123","MAN2C1"
"4125","MAN2B1"
"23324","MAN2B2"
"4126","MANBA"
"64772","ENGASE"
"2517","FUCA1"
"2519","FUCA2"
"175","AGA"
"2629","GBA1"
"57704","GBA2"
"442117","GALNTL6"
"11227","GALNT5"
"64409","GALNT17"
"63917","GALNT11"
"79695","GALNT12"
"114805","GALNT13"
"79623","GALNT14"
"57452","GALNT16"
"117248","GALNT15"
"374378","GALNT18"
"168391","GALNTL5"
"55568","GALNT10"
"2590","GALNT2"
"2591","GALNT3"
"2589","GALNT1"
"11226","GALNT6"
"8693","GALNT4"
"50614","GALNT9"
"51809","GALNT7"
"26290","GALNT8"
"100528030","POC1B-GALNT4"
"56913","C1GALT1"
"29071","C1GALT1C1"
"728819","C1GALT1C1L"
"2650","GCNT1"
"9245","GCNT3"
"51301","GCNT4"
"6482","ST3GAL1"
"6483","ST3GAL2"
"55808","ST6GALNAC1"
"10610","ST6GALNAC2"
"256435","ST6GALNAC3"
"27090","ST6GALNAC4"
"10331","B3GNT3"
"192134","B3GNT6"
"9334","B4GALT5"
"6487","ST3GAL3"
"283358","B4GALNT3"
"338707","B4GALNT4"
"64377","CHST8"
"83539","CHST9"
"8473","OGT"
"285203","EOGT"
"23509","POFUT1"
"23275","POFUT2"
"4242","MFNG"
"3955","LFNG"
"5986","RFNG"
"145173","B3GLCT"
"56983","POGLUT1"
"283464","GXYLT1"
"727936","GXYLT2"
"152002","XXYLT1"
"10585","POMT1"
"29954","POMT2"
"55624","POMGNT1"
"27087","B3GAT1"
"135152","B3GAT2"
"9486","CHST10"
"10690","FUT9"
"2526","FUT4"
"84892","POMGNT2"
"148789","B3GALNT2"
"84197","POMK"
"2218","FKTN"
"79147","FKRP"
"10329","RXYLT1"
"11041","B4GAT1"
"9215","LARGE1"
"120071","LARGE2"
"27159","CHIA"
"1118","CHIT1"
"55577","NAGK"
"51005","AMDHD2"
"10007","GNPDA1"
"132789","GNPDA2"
"64841","GNPNAT1"
"5238","PGM3"
"2585","GALK2"
"6675","UAP1"
"91373","UAP1L1"
"10020","GNE"
"5973","RENBP"
"54187","NANS"
"140838","NANP"
"80896","NPL"
"55907","CMAS"
"51706","CYB5R1"
"1727","CYB5R3"
"51700","CYB5R2"
"606495","CYB5RL"
"51167","CYB5R4"
"123956252","RIPPLY2-CYB5R4"
"80146","UXS1"
"8692","HYAL2"
"3373","HYAL1"
"6677","SPAM1"
"23553","HYAL4"
"8372","HYAL3"
"3423","IDS"
"3425","IDUA"
"411","ARSB"
"10855","HPSE"
"60495","HPSE2"
"6448","SGSH"
"138050","HGSNAT"
"4669","NAGLU"
"2588","GALNS"
"2799","GNS"
"64131","XYLT1"
"64132","XYLT2"
"11285","B4GALT7"
"126792","B3GALT6"
"26229","B3GAT3"
"55790","CSGALNACT1"
"55454","CSGALNACT2"
"337876","CHSY3"
"22856","CHSY1"
"79586","CHPF"
"54480","CHPF2"
"29940","DSE"
"92126","DSEL"
"50515","CHST11"
"55501","CHST12"
"166012","CHST13"
"9469","CHST3"
"56548","CHST7"
"51363","CHST15"
"10090","UST"
"113189","CHST14"
"10678","B3GNT2"
"4166","CHST6"
"8702","B4GALT4"
"93010","B3GNT7"
"8534","CHST1"
"9435","CHST2"
"10164","CHST4"
"2135","EXTL2"
"2137","EXTL3"
"2134","EXTL1"
"2131","EXT1"
"2132","EXT2"
"3340","NDST1"
"8509","NDST2"
"9348","NDST3"
"64579","NDST4"
"26035","GLCE"
"9653","HS2ST1"
"9394","HS6ST1"
"90161","HS6ST2"
"266722","HS6ST3"
"9957","HS3ST1"
"9956","HS3ST2"
"9953","HS3ST3B1"
"9955","HS3ST3A1"
"222537","HS3ST5"
"2712","GK2"
"2710","GK"
"2713","GK3"
"57678","GPAM"
"150763","GPAT2"
"128966744","LOC128966744"
"137964","GPAT4"
"84803","GPAT3"
"10554","AGPAT1"
"10555","AGPAT2"
"56894","AGPAT3"
"56895","AGPAT4"
"55326","AGPAT5"
"253558","LCLAT1"
"154141","MBOAT1"
"129642","MBOAT2"
"8611","PLPP1"
"8613","PLPP3"
"8612","PLPP2"
"23175","LPIN1"
"64900","LPIN3"
"9663","LPIN2"
"84513","PLPP5"
"196051","PLPP4"
"8525","DGKZ"
"8527","DGKD"
"9162","DGKI"
"1606","DGKA"
"8526","DGKE"
"1607","DGKB"
"160851","DGKH"
"1608","DGKG"
"1609","DGKQ"
"139189","DGKK"
"8694","DGAT1"
"84649","DGAT2"
"346606","MOGAT3"
"57104","PNPLA2"
"80339","PNPLA3"
"5406","PNLIP"
"5407","PNLIPRP1"
"5408","PNLIPRP2"
"119548","PNLIPRP3"
"3990","LIPC"
"8513","LIPF"
"9388","LIPG"
"4023","LPL"
"55750","AGK"
"11343","MGLL"
"7920","ABHD16A"
"116255","MOGAT1"
"80168","MOGAT2"
"5289","PIK3C3"
"4534","MTM1"
"8776","MTMR1"
"8898","MTMR2"
"8897","MTMR3"
"9110","MTMR4"
"55613","MTMR8"
"9107","MTMR6"
"9108","MTMR7"
"64419","MTMR14"
"5297","PI4KA"
"5298","PI4KB"
"55361","PI4K2A"
"55300","PI4K2B"
"22908","SACM1L"
"22876","INPP5F"
"23396","PIP5K1C"
"8394","PIP5K1A"
"8395","PIP5K1B"
"138429","PIP5KL1"
"4952","OCRL"
"3633","INPP5B"
"56623","INPP5E"
"8867","SYNJ1"
"8871","SYNJ2"
"23236","PLCB1"
"5330","PLCB2"
"5331","PLCB3"
"5332","PLCB4"
"5333","PLCD1"
"113026","PLCD3"
"84812","PLCD4"
"51196","PLCE1"
"5335","PLCG1"
"5336","PLCG2"
"89869","PLCZ1"
"23007","PLCH1"
"9651","PLCH2"
"3707","ITPKB"
"3706","ITPKA"
"80271","ITPKC"
"3632","INPP5A"
"51763","INPP5K"
"27124","INPP5J"
"3628","INPP1"
"3613","IMPA2"
"3612","IMPA1"
"3705","ITPK1"
"253430","IPMK"
"64768","IPPK"
"3631","INPP4A"
"8821","INPP4B"
"51477","ISYNA1"
"5290","PIK3CA"
"5293","PIK3CD"
"5291","PIK3CB"
"5294","PIK3CG"
"5728","PTEN"
"3635","INPP5D"
"3636","INPPL1"
"5288","PIK3C2G"
"5286","PIK3C2A"
"5287","PIK3C2B"
"200576","PIKFYVE"
"9896","FIG4"
"79837","PIP4K2C"
"5305","PIP4K2A"
"8396","PIP4K2B"
"10423","CDIPT"
"5277","PIGA"
"5279","PIGC"
"5283","PIGH"
"51227","PIGP"
"9091","PIGQ"
"84992","PIGY"
"9487","PIGL"
"2822","GPLD1"
"284098","PIGW"
"93183","PIGM"
"54965","PIGX"
"55650","PIGV"
"23556","PIGN"
"9488","PIGB"
"84720","PIGO"
"5281","PIGF"
"54872","PIGG"
"8733","GPAA1"
"10026","PIGK"
"94005","PIGS"
"51604","PIGT"
"128869","PIGU"
"80055","PGAP1"
"65258","MPPE1"
"93210","PGAP3"
"27315","PGAP2"
"84302","PGAP4"
"8705","B3GALT4"
"80235","PIGZ"
"23171","GPD1L"
"2819","GPD1"
"2820","GPD2"
"8443","GNPAT"
"142891","SAMD8"
"259230","SGMS1"
"166929","SGMS2"
"5337","PLD1"
"5338","PLD2"
"23646","PLD3"
"122618","PLD4"
"3931","LCAT"
"8399","PLA2G10"
"26279","PLA2G2D"
"30814","PLA2G2E"
"50487","PLA2G3"
"64600","PLA2G2F"
"81579","PLA2G12A"
"84647","PLA2G12B"
"5319","PLA2G1B"
"5322","PLA2G5"
"5320","PLA2G2A"
"391013","PLA2G2C"
"123745","PLA2G4E"
"5321","PLA2G4A"
"8681","JMJD7-PLA2G4B"
"100137049","PLA2G4B"
"8605","PLA2G4C"
"283748","PLA2G4D"
"255189","PLA2G4F"
"8398","PLA2G6"
"151056","PLB1"
"11145","PLAAT3"
"54979","PLAAT2"
"54947","LPCAT2"
"79888","LPCAT1"
"254531","LPCAT4"
"10162","LPCAT3"
"10434","LYPLA1"
"23659","PLA2G15"
"11313","LYPLA2"
"10908","PNPLA6"
"375775","PNPLA7"
"56261","GPCPD1"
"1103","CHAT"
"43","ACHE"
"1119","CHKA"
"1120","CHKB"
"162466","PHOSPHO1"
"55500","ETNK1"
"55224","ETNK2"
"64850","ETNPPL"
"10400","PEMT"
"1040","CDS1"
"8760","CDS2"
"51365","PLA1A"
"9791","PTDSS1"
"81490","PTDSS2"
"23761","PISD"
"9489","PGS1"
"54675","CRLS1"
"6901","TAFAZZIN"
"9926","LPGAT1"
"79143","MBOAT7"
"8540","AGPS"
"387521","PEDS1"
"387522","PEDS1-UBE2V1"
"133121","ENPP6"
"5168","ENPP2"
"79153","GDPD3"
"284161","GDPD1"
"255043","TMEM86B"
"7368","UGT8"
"9514","GAL3ST1"
"5048","PAFAH1B1"
"5049","PAFAH1B2"
"5050","PAFAH1B3"
"7941","PLA2G7"
"5051","PAFAH2"
"5742","PTGS1"
"5743","PTGS2"
"9536","PTGES"
"80142","PTGES2"
"10728","PTGES3"
"873","CBR1"
"874","CBR3"
"127281","PRXL2B"
"3248","HPGD"
"6916","TBXAS1"
"5730","PTGDS"
"5740","PTGIS"
"240","ALOX5"
"4048","LTA4H"
"284273","PTGR3"
"145482","PTGR2"
"22949","PTGR1"
"8529","CYP4F2"
"4051","CYP4F3"
"4056","LTC4S"
"1573","CYP2J2"
"1557","CYP2C19"
"11283","CYP4F8"
"239","ALOX12"
"59344","ALOXE3"
"242","ALOX12B"
"247","ALOX15B"
"1555","CYP2B6"
"1558","CYP2C8"
"1559","CYP2C9"
"2053","EPHX2"
"246","ALOX15"
"9415","FADS2"
"10558","SPTLC1"
"9517","SPTLC2"
"55304","SPTLC3"
"2531","KDSR"
"10715","CERS1"
"29956","CERS2"
"79603","CERS4"
"204219","CERS3"
"253782","CERS6"
"91012","CERS5"
"427","ASAH1"
"56624","ASAH2"
"340485","ACER2"
"125981","ACER1"
"55331","ACER3"
"8560","DEGS1"
"123099","DEGS2"
"6609","SMPD1"
"6610","SMPD2"
"55512","SMPD3"
"55627","SMPD4"
"339221","ENPP7"
"64781","CERK"
"81537","SGPP1"
"130367","SGPP2"
"8877","SPHK1"
"56848","SPHK2"
"8879","SGPL1"
"7357","UGCG"
"9331","B4GALT6"
"2581","GALC"
"410","ARSA"
"2583","B4GALNT1"
"2760","GM2A"
"5660","PSAP"
"768239","PSAPL1"
"84002","B3GNT5"
"8708","B3GALT1"
"8707","B3GALT2"
"10317","B3GALT5"
"2523","FUT1"
"2524","FUT2"
"2525","FUT3"
"6484","ST3GAL4"
"124872","B4GALNT2"
"28","ABO"
"2527","FUT5"
"2528","FUT6"
"2529","FUT7"
"10402","ST3GAL6"
"6489","ST8SIA1"
"53947","A4GALT"
"8706","B3GALNT1"
"79369","B3GNT4"
"2651","GCNT2"
"127550","A3GALT2"
"26301","GBGT1"
"4668","NAGA"
"29906","ST8SIA5"
"8869","ST3GAL5"
"9197","SLC33A1"
"81849","ST6GALNAC5"
"30815","ST6GALNAC6"
"98","ACYP2"
"97","ACYP1"
"134526","ACOT12"
"197257","LDHD"
"2739","GLO1"
"3029","HAGH"
"4200","ME2"
"10873","ME3"
"4199","ME1"
"51179","HAO2"
"54363","HAO1"
"283871","PGP"
"81888","HYI"
"79611","ACSS3"
"55862","ECHDC1"
"116285","ACSM1"
"123876","ACSM2A"
"341392","ACSM4"
"54988","ACSM5"
"6296","ACSM3"
"348158","ACSM2B"
"142827","ACSM6"
"79944","L2HGDH"
"622","BDH1"
"1719","DHFR"
"200895","DHFR2"
"25902","MTHFD1L"
"4522","MTHFD1"
"10797","MTHFD2"
"441024","MTHFD2L"
"10840","ALDH1L1"
"160428","ALDH1L2"
"4524","MTHFR"
"10588","MTHFS"
"100528021","ST20-MTHFS"
"9054","NFS1"
"249","ALPL"
"248","ALPI"
"250","ALPP"
"251","ALPG"
"52","ACP1"
"27010","TPK1"
"79178","THTPA"
"55312","RFK"
"54","ACP5"
"53","ACP2"
"80308","FLAD1"
"645","BLVRB"
"55163","PNPO"
"8566","PDXK"
"57026","PDXP"
"493911","PHOSPHO2"
"554235","ASPDH"
"23475","QPRT"
"93100","NAPRT"
"54981","NMRK1"
"27231","NMRK2"
"349565","NMNAT3"
"64802","NMNAT1"
"23057","NMNAT2"
"83594","NUDT12"
"25961","NUDT13"
"55191","NADSYN1"
"10135","NAMPT"
"952","CD38"
"683","BST1"
"23098","SARM1"
"23411","SIRT1"
"22933","SIRT2"
"23410","SIRT3"
"23409","SIRT4"
"23408","SIRT5"
"51548","SIRT6"
"51547","SIRT7"
"65220","NADK"
"133686","NADK2"
"23530","NNT"
"4837","NNMT"
"53354","PANK1"
"79646","PANK3"
"80025","PANK2"
"79717","PPCS"
"60490","PPCDC"
"80347","COASY"
"60496","AASDHPPT"
"8876","VNN1"
"8875","VNN2"
"3141","HLCS"
"686","BTD"
"387787","LIPT2"
"11019","LIAS"
"51601","LIPT1"
"2643","GCH1"
"2356","FPGS"
"8836","GGH"
"5805","PTS"
"6697","SPR"
"5860","QDPR"
"84105","PCBD2"
"5092","PCBD1"
"4337","MOCS1"
"4338","MOCS2"
"10243","GPHN"
"55034","MOCOS"
"53630","BCO1"
"9249","DHRS3"
"10901","DHRS4"
"317749","DHRS4L2"
"10170","DHRS9"
"50700","RDH8"
"157506","RDH10"
"51109","RDH11"
"145226","RDH12"
"112724","RDH13"
"8608","RDH16"
"195814","SDR16C5"
"9227","LRAT"
"158835","AWAT2"
"8228","PNPLA4"
"6121","RPE65"
"5959","RDH5"
"8854","ALDH1A2"
"216","ALDH1A1"
"220","ALDH1A3"
"1592","CYP26A1"
"56603","CYP26B1"
"340665","CYP26C1"
"1562","CYP2C18"
"29785","CYP2S1"
"54905","CYP2W1"
"54884","RETSAT"
"339761","CYP27C1"
"124454","EARS2"
"2058","EPRS1"
"210","ALAD"
"3145","HMBS"
"7390","UROS"
"7389","UROD"
"1371","CPOX"
"5498","PPOX"
"2235","FECH"
"326625","MMAB"
"3162","HMOX1"
"3163","HMOX2"
"644","BLVRA"
"3052","HCCS"
"1356","CP"
"9843","HEPH"
"341208","HEPHL1"
"2395","FXN"
"2495","FTH1"
"2512","FTL"
"94033","FTMT"
"3156","HMGCR"
"4598","MVK"
"10654","PMVK"
"4597","MVD"
"3422","IDI1"
"91734","IDI2"
"2224","FDPS"
"9453","GGPS1"
"23590","PDSS1"
"57107","PDSS2"
"79947","DHDDS"
"116150","NUS1"
"2339","FNTA"
"2342","FNTB"
"100529261","CHURC1-FNTB"
"9986","RCE1"
"10269","ZMPSTE24"
"23463","ICMT"
"51449","PCYOX1"
"377677","CA13"
"759","CA1"
"765","CA6"
"766","CA7"
"771","CA12"
"11238","CA5B"
"23632","CA14"
"768","CA9"
"761","CA3"
"763","CA5A"
"767","CA8"
"760","CA2"
"762","CA4"
"10380","BPNT1"
"54928","BPNT2"
"6821","SUOX"
"58472","SQOR"
"23474","ETHE1"
"8991","SELENBP1"
"2052","EPHX1"
"6822","SULT2A1"
"1572","CYP2F1"
"1553","CYP2A13"
"1565","CYP2D6"
"107987478","LOC107987478"
"1564","CYP2D7"
"107987479","LOC107987479"
"8574","AKR7A2"
"22977","AKR7A3"
"246181","AKR7L"
"7172","TPMT"
"1066","CES1"
"8824","CES2"
"4353","MPO"
"6319","SCD"
"79966","SCD5"
"3992","FADS1"
